<?xml version = "1.0" encoding = "UTF-8" ?>
<Computer id="Channel4" name="Channel Core Server" type="1">

  <portsForCrack val="3" />
  <ports>22,21,554</ports>
  <trace time="60" />
  <firewall level="10" solution="ukpohio0zt" additionalTime="6666"/>

  <file path="bin" name="Channel-Core.exe">101001010000010101011011101010100100101010100101000010101010101010101001000101010101101010001010111010001011100100101010</file>

  <file path="bin" name="TorrentCrack.exe">#TORRENT_EXE#</file>
  
</Computer>