<?xml version = "1.0" encoding = "UTF-8" ?>
<Computer id="Channel2" name="Channel 个人电脑" type="empty">

  <portsForCrack val="3" />
  <ports>80,25,21,22</ports>
  <trace time="50" />

  <adminPass pass="ChannelSecret" />

  <eosDevice name="Chann3l's ePhone 7" id="eosIntroPhone" icon="ePhone2" empty="true" passOverride="alpine">
   <mail username="Chann3l@cmail.com" pass="LPDF1122PASS" />
    <file path="eos" name="fuck-you.txt">Hacker,you will dieeeeeeeeeee!</file>
  </eosDevice>

  <file path="home" name="Oh-you-must-eat-the-shit!.txt">傻逼黑客，如果你黑入了这台电脑，你一定是吃了屎了……</file>
  <file path="home" name="Shit-go-out!.txt">傻逼，滚出老子的电脑！</file>
  <file path="home" name="CMail's-IP.txt">我的CMail更换了IP地址……
为了防止我忘记这个地址，我把它记录在这里……
它新的IP地址是mail.channel.com</file>


   <file path="bin" name="SSHPort.exe">#SSH_CRACK#</file>
  
</Computer>