<?xml version = "1.0" encoding = "UTF-8" ?>
<Computer id="ChannelInternet" name="Channel 网页服务器" type="empty" ip="www.channel.com">

  <portsForCrack val="6666" />
  <ports>443</ports>
  <trace time="-1" />

  <adminPass pass="cHaNnEl" />

  <dlink target="Channel2" />

  <file path="home" name="Fuck-Ports.txt">我真是哔了DOG了，他妈的这个6881端口破解器能不能再慢一点？？？</file>

  <file path="bin" name="SMTPOverflow.exe">#SMTP_CRACK#</file>
  
</Computer>