<?xml version = "1.0" encoding = "UTF-8" ?>
<Computer id="CMail" name="Channel Mail Server" allowsDefaultBootModule="true" ip="mail.channel.com" type="1" > 
  
  <ports>80,25,21,22,443</ports>
  <portsForCrack val="6666" />
  
  <dlink target="ChannelCS" />
  <dlink target="ChannelFW" />

  <account username="Chann3l" password="LPDF1122PASS" type="admin" />
  <account username="Aevenger" password="PaSsWoRd" type="mail" />
  <account username="Kris" password="KRISSSSS" type="mail" />
  <account username="MoriAer" password="poioq8789LIK" type="mail" />
  <account username="G.Frank" password="Oh91028kk" type="mail" />
  <account username="SanWprise" password="Sw18389092JS" type="mail" />
  <account username="LifeLonger" password="ALife1234" type="mail" />
  
  <mailServer name="Channel Mail Server" color="50,237,212" generateJunk="true">
     <email recipient="Chann3l" sender="Kris" subject="更改密码">
可以啊，把你的新密码发过来吧。对于这些无处不在的黑客，我也很头痛。
    </email>
	 <email recipient="Chann3l" sender="Kris" subject="Re:更改密码">
我已经改了，Chann3l。
你的Firewall服务器的密码已经更换了。
新的密码：156628335su
千万要谨慎，那可恶的黑客已经重置了你的密码。
我费了好大功夫才把密码改掉。
     </email>
   <email recipient="Aevenger" sender="Chann3l" subject="Kill the tracer">
别着急，我正在研制这个程序。
我能预想到他的未来——一定会大火！
     </email>
   <email recipient="Aevenger" sender="Chann3l" subject="Hacker">
有一个黑客黑掉了我的核心服务器。
Kris正在维护那个服务器啊！
服务器核心已经彻底坏了。看来我要去制裁一下这些小可爱们。
对了，你帮我准备的代理服务器被过载掉了。
你再去帮我看看吧。IP是109.83.56.92
     </email>
   <email recipient="Aevenger" sender="G.Frank" subject="检测">
已经检测到了他的IP地址。
154.73.6.144
就是这个。
不过他Trace的速度非常快。一定要万分谨慎。
     </email>
  </mailServer>  
  
</Computer>
