<?xml version = "1.0" encoding = "UTF-8" ?>
<Computer id="ICRAWeb" name="ICRA 网页服务器" >

  <portsForCrack val="3" />
  <ports>22,25,443,6881,25,21,32</ports>
  <portRemap>22=202,25=377,443=669</portRemap>
  <trace time="100" />

  <file path="home" name="HostAreadyWell.txt">非常好,我已经把Host这个问题解决了,但是我似乎不小心链接到基层服务器了</file>
  
  <dlink target="HICACONV011" />
  <dlink target="HICACONV012" />
  <dlink target="HICACONV013" />

</Computer>