<?xml version = "1.0" encoding = "UTF-8" ?>
<Computer id="AllenWangLaptop"
          name="Allen Wang 的笔记本电脑"
          security="3"
          allowsDefaultBootModule="false"
          icon="laptop"
          type="3" >

  <portsForCrack val="0" />
  <ports>22</ports>
  <trace time="75" />
  <adminPass pass="FQ" /> 

<file path="home" name="MemError.txt">最近我的电脑内存的内容经常会被自动保存，甚至能用MemDumpGreater生成报告......我要解决下</file>
	 
	 <Memory>
    <Commands>
      <Command>connect 54.189.77.3</Command>
      <Command>login</Command>
      <Command>admin</Command>
      <Command>RuEhJk53LKhj</Command>
      <Command>cd bin/</Command>
      <Command>upload home/Clockv2.exe</Command>
      <Command>cd ..</Command>
      <Command>cd bin/</Command>
      <Command>rm *</Command>
      <Command>disconnect</Command>
    </Commands>
  </Memory>

</Computer>