<?xml version = "1.0" encoding = "UTF-8" ?>
<Computer id="ICRADB" 
          name="ICRA 数据库" 
          security="4"
          allowsDefaultBootModule="true"
          icon="DLCPC1" 
          type="1" 
		  ip="54.189.77.3"> 

  <portsForCrack val="4" />
  <ports>22, 21, 25, 80</ports>
  <trace time="60" />
  <adminPass pass="GHFYHGTFYGFTGGDFGJHFRF"/>
  
  
<DatabaseDaemon Permissions="admin" DataType="CAROData" Color="255,255,28" Name="ICRA 用户数据库">
    <CAROData>
      <UserID>Splash</UserID>
      <Rank>Normal</Rank>
      <BlackList>True</BlackList>
	  <Bought>True</Bought>
    <Money>59654</Money>
    </CAROData>
  </DatabaseDaemon>
  <CustomConnectDisplayDaemon />
  
</Computer>