<?xml version = "1.0" encoding = "UTF-8" ?>
<mission id="1" >
  <goals>
<goal type="databaseEntryChange" comp="ICRADB" recordName="Splash" fieldName="BlackList" operation="greater" targetValue="False"/>
  </goals>
  <!-- 
  Add your mission start and end items here
  missionStart val="0">loadConditionalActions:Actions/TestActions.xml</missionStart>
  missionEnd val="1">addRank</missionEnd> 
  -->
  <nextMission>NONE</nextMission>
  
  <posting title="电脑人生" reqs="DHS1" >
一名用户需要我们依法维护ICRA公司对他的不平等待遇
  </posting>

  <email>
    <sender>Luoyu_</sender>
    <subject>电脑人生</subject>
    <body>#PLAYERNAME# 听说过ICRA吗？
这是一个电脑售卖公司
但是最近有一名电脑爱好者Splash向我们倾诉他无缘无故的被ICRA公司加入了黑名单
这将令他损失数千元 因为他刚刚买了三千多元的电脑
#PLAYERNAME# 去将ICRA的数据库修改掉

我建议你先去我的备份PC弄点东西

</body>
    <attachments>
	<note title="任务细节">1.先获取工具
2.找到进入ICRA 数据库的办法
3.修改Splash的黑名单项修改为False</note>
      <link comp="LuoyuSOPC" />
      <link comp="HICRADELAY" />
    </attachments>
  </email>
</mission>