<?xml version = "1.0" encoding = "UTF-8" ?>
<mission id="2" >
  <goals>
<goal type="fileupload" target="MSLAST" file="KBTPortTest.exe" path="bin" destTarget="KDtosGX" destPath="Drop/Uploads"/>
  </goals>
  <!-- 
  Add your mission start and end items here
  missionStart val="0">loadConditionalActions:Actions/TestActions.xml</missionStart>
  missionEnd val="1">addRank</missionEnd> 
  -->
  <nextMission>NONE</nextMission>
  
  <posting title="潜入后方" reqs="DHS1" >
KDtos对Macrosoft的一款软件很感兴趣
  </posting>

  <email>
    <sender>Luoyu_</sender>
    <subject>潜入后方</subject>
    <body>#PLAYERNAME#,我们对Macrosoft的一款端口破解软件非常感兴趣。
这是一个端口过载器。
但是Macrosoft的防火墙非常坚固，我们在之前和手攻入这些服务器，可是一直被一个防火墙挡住，我相信，你的实力一定能解决这些东西。
我们现在已经做好准备了
#PLAYERNAME#,想办法得到那个端口过载器

名字好像叫KBT什么的

</body>
    <attachments>
	<note title="任务细节">1.找到进入Macrosoft 储存终端 的方法
2.下载KBT端口过载器
3.上传到共享服务器</note>
      <link comp="MSNews" />
    </attachments>
  </email>
</mission>