<?xml version = "1.0" encoding = "UTF-8" ?>
<mission id="2" >
  <goals>
<goal type="fileupload" target="F.Saver" file="Portant.pott" path="home" destTarget="KDtosGX" destPath="Drop/Uploads"/>
  </goals>
  <!-- 
  Add your mission start and end items here
  missionStart val="0">loadConditionalActions:Actions/TestActions.xml</missionStart>
  missionEnd val="1">addRank</missionEnd> 
  -->
  <nextMission>NONE</nextMission>
  
  <posting title="可疑的文件" reqs="DHS1" >
我们发现我们的监控目标之一------F.组织最近鬼鬼祟祟的，不知在干什么。我希望你能够深入该组织，并下载任何可以的文件，如未知的文件格式等。
  </posting>

  <email>
    <sender>Luoyu_</sender>
    <subject>可疑的文件</subject>
    <body>#PLAYERNAME#,我需要你可以帮我们得到那个文件，那个文件曾经是我们的很重要的档案…………但是被他们拿走了。
这项任务非常艰巨。
F.组织不擅长追踪，但是他们擅长在节点面前值守——————当你离开服务器，他们会立即重设密码，重置端口，他们的防火墙也是一流的
我们现在已经做好准备了
#PLAYERNAME#,请帮助我把那份文件追回来——————越快越好…………

名字是Portant.pdf，这个文件可能被他们加密或归档了，所以见到文件名是Portant的都上传到共享服务器

感谢！
</body>
    <attachments>
	<note title="任务细节">1.深入F.组织
2.下载一切可疑的文件
3.上传到共享服务器</note>
      <link comp="F.Frnt01" />
    </attachments>
  </email>
</mission>