<?xml version = "1.0" encoding = "UTF-8" ?>
<Computer id="CCCWIFI1"
          name="G.Mike的路由器"
          security="3"
          allowsDefaultBootModule="false"
          icon="chip"
          type="3" >

  <portsForCrack val="3" />
  <ports>80, 9418</ports>
  <trace time="75" />
  <adminPass pass="admin" /> 

  
  <file path="home" name="Connection.txt">哈哈哈哈哈哈哈，我成功连上这个wifi了！！！！！！</file>
  
  
  <dlink target="CCC01" />
	 
	 
</Computer>