<?xml version = "1.0" encoding = "UTF-8" ?>
<Computer id="G-Mike" name="G.Mike 笔记本电脑" type="empty" >

  <portsForCrack val="0" />
  <ports>80,25,22,21,6881</ports>
  <trace time="80" />
  <firewall level="6" solution="CCCHACKER" additionalTime="1"/>
  <proxy time="1" />

    <eosDevice name="G.Mike's ePhone 9" id="eosIntroPhone" icon="ePhone2" empty="true" passOverride="alpine">
   <mail username="Mike@jmail.com" pass="LPDF1122PASS" />
    <file path="eos" name="ip.txt">ip:122.36.25.154 pass:soglops</file>
  </eosDevice>

  <dlink target="CCC03" />

  <file path="sys" name="EOSconnection.log">G.Mike ePad C5E2</file>
  <file path="bin" name="GTE5.exe">1010100101110111010101111111010111111</file>
</Computer>
