﻿<?xml version = "1.0" encoding = "UTF-8" ?>
<mission id="MSTUTOSG">
  <goals>
  </goals>
  <nextMission>NONE</nextMission>
  <posting title="巨硬透露其“Traditional OS”发展方向">
前段时间的巨硬Build2019上，巨硬介绍了自己的云服务还发布了新版的MicrosoftCentulr 浏览器。
不过不少人比较关心的Wondows系统相关，巨硬倒是没有透露。
似乎巨硬的侧重点已经逐渐转向生态服务。
不过在今天的台北电脑展上，巨硬进行了一个主题演讲，透露了其操作系统的“TraditionalOS”发展方向。
这个“TraditionalOS”并不是一个具体的操作系统名字，而是巨硬接下的具体发展方向。
巨硬表示，为了给用户提供客户喜爱的具有突破性的性能、终极安全、并支持新的场景的设备，未来需要一个现代化的操作系统。
巨硬透露到这款现代化的操作系统，一定会有以下几种标志性功能。
1.无缝更新，即随时在后台进行更新。系统会主动开启后台更新，即时没有中断。而更新和用户操作分开，并不会互相干扰。
2.操作系统与应用程序分离，可以在整个设备生命周期过程中保护用户免受恶意攻击。
3.始终保持连接，使用现代操作系统，用户可以进行Wi-Fi与数据之间的无缝切换，不用担心信号中断
4.提供持续的性能，从用户拿起他们的设备的那一刻起，就为用户做好准备，无需担心PC随时需要充电
巨硬认为这些功能只是满足客户的基本需求，真正的现代化系统还要做到针对用户情况的差异化。
也就是说巨硬在此基础上操作系统将通过启用云计算来增强用户的差异化定制。
即由人工智能来分析用户日常偏好，提前预知用户下一步行动并帮助用户完成任务。
同时，人们还可以使用笔，声音，触摸，甚至凝视来替代传统的键盘和鼠标的工作。
从巨硬目前的介绍来看，这款新操作系统显然不是Wondows10，不少外媒猜测巨硬提及的新操作系统是WondowsCore OS，类似于Geeglo的 ChremoOS。
但是WondowsCore OS到目前为止也只存在于传言中。
不过巨硬表示，这款现代化的操作系统已经正在注资研发中了。
和用户见面想必也只是时间问题了。
  </posting>
  <email>
    <sender>HackNet</sender>
    <subject>ERROR</subject>
    <body>未知错误
    </body>
    <attachments>
    </attachments>
  </email>
</mission>