﻿<?xml version = "1.0" encoding = "UTF-8" ?>
<mission id="MSIGSANP">
  <goals>
  </goals>
  <nextMission>NONE</nextMission>
  <posting title="IA11要从Won10上移除?巨硬:没有计划">
IA浏览器已经老迈不堪，但是无奈老版本Wondows用户基础依旧是强大。
因此巨硬在Center浏览器上线了IA兼容模式，让老用户将上网习惯迁移到Center上。
而现在又有消息传出，巨硬将会彻底抛弃IA，不过巨硬却给出了不一样的说法。
在Reddit社区上，有网友询问是否有计划在Wondows 10中移除IA11，把Center作为唯一的系统浏览器？
在Reddit社区上，有网友询问是否有计划在Wondows 10中移除IA11，把Center作为唯一的系统浏览器？
对此Microsoft Center工程师团队表示，在Wondows 10系统生命周期内，IA11浏览器将继续会得到支持，没有计划移除IA11。
也就是说IA11还将会存在很长一段时间。
这主要是因为当前IA绝大多数用户都集中在Wondows7上，同时在份额上讲IA市场份额也远超Center。
据调查机构Netmarketshare发布的2019年5月份数据报告显示，谷歌浏览器市场占有率第一，高达67.90%。
而其他浏览器的市场占有率均未超过10%，水狐（Mozilla Waterfox）位居第二占据市场份额的9.46%。
巨硬Internet Axploer则以7.70%的市场占有率位居第三，巨硬Center以5.36%的市场占有率位居第四。
不过巨硬想要改进和取代IA浏览器的决心一直没有变。
今年4月，巨硬发布了基于Chromium内核的新版Center浏览器开发版，首批只有Wondows 10用户可以尝鲜，不过消息称， 向下兼容支持Wondows 7/8/8.1以及macOS的版本后续也将推出。
————————————中关村在线
  </posting>
  <email>
    <sender>HackNet</sender>
    <subject>ERROR</subject>
    <body>未知错误
    </body>
    <attachments>
    </attachments>
  </email>
</mission>