<?xml version = "1.0" encoding = "UTF-8" ?>
<Computer id="CCC06" name="CCC黑客小队 前端服务器03" type="empty" >

  <portsForCrack val="4" />
  <ports>80,25,22,21,6881</ports>
  <trace time="65" />
  <firewall level="6" solution="YOUCASCANNOTHING" additionalTime="1"/>
  <proxy time="1" />

  <file path="home" name="No-Connection.txt">这台电脑什么服务器都没有连接。</file>
<encryptedFile path="home" name="Connection.dec" extension="connection.txt" ip="455.623.2554.22" header="Fuck you!" pass="YouCantKnowThis">
    This generates an encrypted file that can be decrypted using the password above. It decrypts to have the extension .txt
  </encryptedFile>
</Computer>