<?xml version = "1.0" encoding = "UTF-8" ?>
<Computer id="CCC05" name="CCC黑客小队 虚拟主机01" type="empty" >

  <portsForCrack val="4" />
  <ports>80,25,22,21,6881</ports>
  <trace time="70" />
  <firewall level="6" solution="YOUNEEDATRACEKILL" additionalTime="1"/>
  <proxy time="1" />

  <dlink target="KD14" />
  <dlink target="CCC02" />

  <file path="home" name="Test-Target.txt">不,你不用改密码，终端服务器足够安全。</file>
  <file path="bin" name="DECHead.exe">#DECHEAD_PROGRAM#</file>
</Computer>