<?xml version = "1.0" encoding = "UTF-8" ?>
<Computer id="CCC04" name="G.Mike 个人电脑" type="empty" >

  <portsForCrack val="4" />
  <ports>80,25,22,21,6881</ports>
  <trace time="80" />
  <firewall level="6" solution="CCCHACKER" additionalTime="1"/>
  <proxy time="1" />

  <dlink target="CCC05" />

  <file path="home" name="Notes.txt">听说有人悬赏CCC黑客小队终端服务器的密码啊，我要加强下安全。</file>
  <file path="bin" name="GTE5.exe">1010100101110111010101111111010111111</file>
</Computer>