<?xml version = "1.0" encoding = "UTF-8" ?>
<Computer id="CCC10" name="CCC 终端_代理" type="empty" >

  <portsForCrack val="4" />
  <ports>80,25,22,21,6881</ports>
  <trace time="49" />
  <proxy time="1" />

  <dlink target="CCC11" />


  <file path="home" name="What-is-the-password.txt">额，我忘记了终端的密码，可能是trighif?我忘了。</file>
  <file path="home" name="RE-What-is-the-password.txt">你的密码再加个1就是了，记得删掉这些东西</file>
</Computer>