<ConditionalActions>

<OnConnect target="C3L2" needsMissionComplete="false">
<AddIRCMessage Author="#PLAYERNAME#" TargetComp="KDDHS" Delay="1.0">天啊</AddIRCMessage>
<AddIRCMessage Author="#PLAYERNAME#" TargetComp="KDDHS" Delay="1.1">Chann3l</AddIRCMessage>
<AddIRCMessage Author="#PLAYERNAME#" TargetComp="KDDHS" Delay="1.2">又换IP了</AddIRCMessage>
<AddIRCMessage Author="OverCreate" TargetComp="KDDHS" Delay="3.0">对啊</AddIRCMessage>
<AddIRCMessage Author="OverCreate" TargetComp="KDDHS" Delay="5.0">我到了那里，却什么也没扫描到</AddIRCMessage>
<AddIRCMessage Author="#PLAYERNAME#" TargetComp="KDDHS" Delay="7.0">试试Mem分析器？</AddIRCMessage>
<AddIRCMessage Author="OverCreate" TargetComp="KDDHS" Delay="9.0">啊，我忘了！</AddIRCMessage>
<AddIRCMessage Author="#PLAYERNAME#" TargetComp="KDDHS" Delay="9.1">2333333333333333</AddIRCMessage>
<AddIRCMessage Author="Luoyu_" TargetComp="KDDHS" Delay="9.2">怎么....又是</AddIRCMessage>
<AddIRCMessage Author="Channel" TargetComp="KDDHS" Delay="9.3">====================</AddIRCMessage>
<AddIRCMessage Author="Channel" TargetComp="KDDHS" Delay="21.0">!!!Chann3l加入了IRC!!!</AddIRCMessage>
<AddIRCMessage Author="Channel" TargetComp="KDDHS" Delay="24.0">===================</AddIRCMessage>
<AddIRCMessage Author="Chann3l" TargetComp="KDDHS" Delay="25.0">HI，EVERYONE！</AddIRCMessage>
<AddIRCMessage Author="Chann3l" TargetComp="KDDHS" Delay="26.0">我想你们已经知道我的215.546.254.54这个节点了</AddIRCMessage>
<AddIRCMessage Author="Chann3l" TargetComp="KDDHS" Delay="26.5">但是晚了——————我换了节点</AddIRCMessage>
<AddIRCMessage Author="OverCreate" TargetComp="KDDHS" Delay="28.0">糟糕，#PLAYERNAME#</AddIRCMessage>
<AddIRCMessage Author="OverCreate" TargetComp="KDDHS" Delay="28.9">他要破坏我们的服务器</AddIRCMessage>
<AddIRCMessage Author="Channel" TargetComp="KDDHS" Delay="29.0">========================</AddIRCMessage>
<AddIRCMessage Author="Channel" TargetComp="KDDHS" Delay="29.1">错误：系统文件未找到</AddIRCMessage>
<AddIRCMessage Author="Channel" TargetComp="KDDHS" Delay="29.2">========================</AddIRCMessage>
<AddIRCMessage Author="Channel" TargetComp="KDDHS" Delay="28.9">ERROR</AddIRCMessage>
<AddIRCMessage Author="Channel" TargetComp="KDDHS" Delay="29.0">修复完成</AddIRCMessage>
<AddIRCMessage Author="#PLAYERNAME#" TargetComp="KDDHS" Delay="29.1">@Channel，攻击者IP？</AddIRCMessage>
<AddIRCMessage Author="Channel" TargetComp="KDDHS" Delay="29.2">未找到：原因，日志空</AddIRCMessage>
</OnConnect>

</ConditionalActions>