<ConditionalActions>

<OnConnect target="KDDHS" needsMissionComplete="false">
<AddIRCMessage Author="OverCreate" TargetComp="KDDHS" Delay="1.0">你找到CCC终端的密码了？！！！</AddIRCMessage>
<AddIRCMessage Author="#PLAYERNAME#" TargetComp="KDDHS" Delay="1.1">对啊</AddIRCMessage>
<AddIRCMessage Author="#PLAYERNAME#" TargetComp="KDDHS" Delay="1.2">是trighif1</AddIRCMessage>
<AddIRCMessage Author="OverCreate" TargetComp="KDDHS" Delay="3.0">天啊</AddIRCMessage>
<AddIRCMessage Author="OverCreate" TargetComp="KDDHS" Delay="5.0">你真么快！</AddIRCMessage>
<AddIRCMessage Author="Channel" TargetComp="KDDHS" Delay="7.0">======================</AddIRCMessage>
<AddIRCMessage Author="Channel" TargetComp="KDDHS" Delay="9.0">!!!CCC11进入了IRC!!!</AddIRCMessage>
<AddIRCMessage Author="Channel" TargetComp="KDDHS" Delay="9.1">======================</AddIRCMessage>
<AddIRCMessage Author="Channel" TargetComp="KDDHS" Delay="9.2">======================</AddIRCMessage>
<AddIRCMessage Author="Ykimeys" TargetComp="KDDHS" Delay="12.0">？？？</AddIRCMessage>
<AddIRCMessage Author="CCC11" TargetComp="KDDHS" Delay="12.5">你以为闯入我的服务器，悄无声息的来，悄无声息的走吗？</AddIRCMessage>
<AddIRCMessage Author="CCC11" TargetComp="KDDHS" Delay="14.0">不！！！！</AddIRCMessage>
<AddIRCMessage Author="Channel" TargetComp="KDDHS" Delay="17.4">====================</AddIRCMessage>
<AddIRCMessage Author="Channel" TargetComp="KDDHS" Delay="21.0">!!!CCC11离开了IRC!!!</AddIRCMessage>
<AddIRCMessage Author="Channel" TargetComp="KDDHS" Delay="24.0">===================</AddIRCMessage>
<AddIRCMessage Author="Channel" TargetComp="KDDHS" Delay="25.0">=====================</AddIRCMessage>
<AddIRCMessage Author="Channel" TargetComp="KDDHS" Delay="26.0">!!!#PLAYERNAME#已离开IRC!!!</AddIRCMessage>
<AddIRCMessage Author="Channel" TargetComp="KDDHS" Delay="26.5">=====================</AddIRCMessage>
<AddIRCMessage Author="OverCreate" TargetComp="KDDHS" Delay="28.0">糟糕，#PLAYERNAME#</AddIRCMessage>
<AddIRCMessage Author="Ykimeys" TargetComp="KDDHS" Delay="28.9">........</AddIRCMessage>
<AddIRCMessage Author="Channel" TargetComp="KDDHS" Delay="29.0">========================</AddIRCMessage>
<AddIRCMessage Author="Channel" TargetComp="KDDHS" Delay="29.1">!!!#PLAYERNAME#进入了服务器!!!</AddIRCMessage>
<AddIRCMessage Author="Channel" TargetComp="KDDHS" Delay="29.2">========================</AddIRCMessage>
<AddIRCMessage Author="Kevin" TargetComp="KDDHS" Delay="28.9">额，你去哪了，害得我们虚惊一场</AddIRCMessage>
<AddIRCMessage Author="#PLAYERNAME#" TargetComp="KDDHS" Delay="29.0">这个东西你一定会感兴趣</AddIRCMessage>
<AddIRCMessage Author="#PLAYERNAME#" TargetComp="KDDHS" Delay="29.1">!ATTACHMENT:link#%#C3L.IP#%#215.546.254.54</AddIRCMessage>
<AddIRCMessage Author="OverCreate" TargetComp="KDDHS" Delay="29.2">C3L.ip,是Chann3l的ip吗？</AddIRCMessage>
</OnConnect>

</ConditionalActions>