<ConditionalActions>

<OnConnect target="KDDHS" needsMissionComplete="false">
<AddIRCMessage Author="OverCreate" TargetComp="KDDHS" Delay="1.0">可恶</AddIRCMessage>
<AddIRCMessage Author="#PLAYERNAME#" TargetComp="KDDHS" Delay="1.1">？？？</AddIRCMessage>
<AddIRCMessage Author="#PLAYERNAME#" TargetComp="KDDHS" Delay="1.2">怎么了</AddIRCMessage>
<AddIRCMessage Author="OverCreate" TargetComp="KDDHS" Delay="3.0">Chann3l太可恶了</AddIRCMessage>
<AddIRCMessage Author="OverCreate" TargetComp="KDDHS" Delay="5.0">他们居然先人一步，逃出了那台电脑</AddIRCMessage>
<AddIRCMessage Author="Channel" TargetComp="KDDHS" Delay="7.0">======================</AddIRCMessage>
<AddIRCMessage Author="Channel" TargetComp="KDDHS" Delay="9.0">!!!Chann3l进入了IRC!!!</AddIRCMessage>
<AddIRCMessage Author="Channel" TargetComp="KDDHS" Delay="9.1">======================</AddIRCMessage>
<AddIRCMessage Author="Channel" TargetComp="KDDHS" Delay="9.2">======================</AddIRCMessage>
<AddIRCMessage Author="Ykimeys" TargetComp="KDDHS" Delay="12.0">Uh Oh!</AddIRCMessage>
<AddIRCMessage Author="Chann3l" TargetComp="KDDHS" Delay="12.5">好啊，你们趁我不在，都说什么了？</AddIRCMessage>
<AddIRCMessage Author="Scarfs" TargetComp="KDDHS" Delay="14.0">如果我猜得没错的话，你换了电脑？</AddIRCMessage>
<AddIRCMessage Author="Chann3l" TargetComp="KDDHS" Delay="17.4">哼，猜的不错，白忙活一场吧</AddIRCMessage>
<AddIRCMessage Author="Chann3l" TargetComp="KDDHS" Delay="21.0">我们后会有期！！</AddIRCMessage>
<AddIRCMessage Author="OverCreate" TargetComp="KDDHS" Delay="24.0">快，找到他的IP！！！！</AddIRCMessage>
<AddIRCMessage Author="Channel" TargetComp="KDDHS" Delay="25.0">=====================</AddIRCMessage>
<AddIRCMessage Author="Channel" TargetComp="KDDHS" Delay="26.0">!!!Chann3l已离开IRC!!!</AddIRCMessage>
<AddIRCMessage Author="Channel" TargetComp="KDDHS" Delay="26.5">=====================</AddIRCMessage>
<AddIRCMessage Author="Ykimeys" TargetComp="KDDHS" Delay="28.0">差点找到来源IP，可恶的Chann3l！</AddIRCMessage>
<AddIRCMessage Author="Ykimeys" TargetComp="KDDHS" Delay="28.9">........</AddIRCMessage>
<AddIRCMessage Author="#PLAYERNAME#" TargetComp="KDDHS" Delay="29.0">额，有谁知道CCC黑客小队 前端服务器的ip？</AddIRCMessage>
<AddIRCMessage Author="OverCreate" TargetComp="KDDHS" Delay="29.1">!ATTACHMENT:link#%#CCC黑客小队 前端服务器#%#188.145.23.6</AddIRCMessage>
<AddIRCMessage Author="Channel" TargetComp="KDDHS" Delay="29.2">!ATTACHMENT! 新的任务发布：获取CCC终端密码</AddIRCMessage>
</OnConnect>

</ConditionalActions>