<ConditionalActions>

<OnConnect target="KDDHS" needsMissionComplete="true">
<AddIRCMessage Author="Luoyu_" TargetComp="KDDHS" Delay="1.0">是时候接团体任务了</AddIRCMessage>
<AddIRCMessage Author="Luoyu_" TargetComp="KDDHS" Delay="1.1">@OverCreate @#PLAYERNAME# 请到任务中心领取任务</AddIRCMessage>
<AddIRCMessage Author="#PLAYERNAME#" TargetComp="KDDHS" Delay="1.2">收到</AddIRCMessage>
<AddIRCMessage Author="OverCreate" TargetComp="KDDHS" Delay="3.0">收到</AddIRCMessage>
</OnConnect>

</ConditionalActions>