<ConditionalActions>

<OnConnect target="KDM1" needsMissionComplete="false">
<AddIRCMessage Author="Channel" TargetComp="KDDHS" Delay="1.0">======================</AddIRCMessage>
<AddIRCMessage Author="Channel" TargetComp="KDDHS" Delay="1.1">!!!Chann3l加入了IRC!!!</AddIRCMessage>
<AddIRCMessage Author="Channel" TargetComp="KDDHS" Delay="1.2">======================</AddIRCMessage>
<AddIRCMessage Author="Chann3l" TargetComp="KDDHS" Delay="3.0">你们好啊，在我不在的时间里，你们有没有努力破解我的电脑们呢~</AddIRCMessage>
<AddIRCMessage Author="Ykimeys" TargetComp="KDDHS" Delay="5.0">我已经找到你的攻击来源了，马上你的电脑系统就会Boom的一下爆炸。</AddIRCMessage>
<AddIRCMessage Author="Chann3l" TargetComp="KDDHS" Delay="7.0">真是可怕呀~可惜，你已经没有破解那台电脑的机会了。</AddIRCMessage>
<AddIRCMessage Author="Channel" TargetComp="KDDHS" Delay="9.0">======================</AddIRCMessage>
<AddIRCMessage Author="Channel" TargetComp="KDDHS" Delay="9.1">!!!Chann3l退出了IRC!!!</AddIRCMessage>
<AddIRCMessage Author="Channel" TargetComp="KDDHS" Delay="9.2">======================</AddIRCMessage>
<AddIRCMessage Author="Ykimeys" TargetComp="KDDHS" Delay="12.0">他什么意思？什么叫没有破解的机会？！</AddIRCMessage>
<AddIRCMessage Author="Scarfs" TargetComp="KDDHS" Delay="12.5">不好！Ykimeys，你快回到你的电脑里，多开几个陷阱！</AddIRCMessage>
<AddIRCMessage Author="Scarfs" TargetComp="KDDHS" Delay="14.0">如果我猜得没错的话，Chann3l一定在试图攻入你的电脑！</AddIRCMessage>
<AddIRCMessage Author="Ykimeys" TargetComp="KDDHS" Delay="17.4">怎么可能，我的电脑是经过EnSec强化的，就连PortHack都无法骇入我的电脑！</AddIRCMessage>
<AddIRCMessage Author="#PLAYERNAME#" TargetComp="KDDHS" Delay="21.0">恐怕他真有这样的手段。</AddIRCMessage>
<AddIRCMessage Author="Ykimeys" TargetComp="KDDHS" Delay="24.0">什么？！！！！</AddIRCMessage>
<AddIRCMessage Author="Ykimeys" TargetComp="KDDHS" Delay="25.0">我的电脑！！！！</AddIRCMessage>
<AddIRCMessage Author="Luoyu_" TargetComp="KDDHS" Delay="26.0">稳住，Ykimeys，现在立刻关闭电脑里所有的进程，然后记下来源IP！</AddIRCMessage>
<AddIRCMessage Author="OverCreate" TargetComp="KDDHS" Delay="26.5">我正在进攻Chann3l的电脑，但是他的电脑已经开启了最大防护，我没有办法骇入。</AddIRCMessage>
<AddIRCMessage Author="Ykimeys" TargetComp="KDDHS" Delay="28.0">找到来源IP了！</AddIRCMessage>
<AddIRCMessage Author="Ykimeys" TargetComp="KDDHS" Delay="28.9">IP就</AddIRCMessage>
<AddIRCMessage Author="Channel" TargetComp="KDDHS" Delay="29.0">======================</AddIRCMessage>
<AddIRCMessage Author="Channel" TargetComp="KDDHS" Delay="29.1">!!!Ykimeys退出了IRC!!!</AddIRCMessage>
<AddIRCMessage Author="Channel" TargetComp="KDDHS" Delay="29.2">======================</AddIRCMessage>
<AddIRCMessage Author="#PLAYERNAME#" TargetComp="KDDHS" Delay="32.0">糟了，Ykimeys的电脑恐怕已经完蛋了</AddIRCMessage>
<AddIRCMessage Author="#PLAYERNAME#" TargetComp="KDDHS" Delay="34.0">我已经无法ping到他的电脑了！</AddIRCMessage>
<AddIRCMessage Author="Kevin" TargetComp="KDDHS" Delay="37.0">怎么了？发生什么了？</AddIRCMessage>
<AddIRCMessage Author="#PLAYERNAME#" TargetComp="KDDHS" Delay="39.0">Kevin你刚才干什么去了？</AddIRCMessage>
<AddIRCMessage Author="#PLAYERNAME#" TargetComp="KDDHS" Delay="41.0">简单来说就是Ykimeys找到了攻击来源，但是他的电脑被Chann3l攻入了。</AddIRCMessage>
<AddIRCMessage Author="Channel" TargetComp="KDDHS" Delay="43.6">======================</AddIRCMessage>
<AddIRCMessage Author="Channel" TargetComp="KDDHS" Delay="43.7">!!!Ykimeys加入了IRC!!!</AddIRCMessage>
<AddIRCMessage Author="Channel" TargetComp="KDDHS" Delay="43.8">======================</AddIRCMessage>
<AddIRCMessage Author="Luoyu_" TargetComp="KDDHS" Delay="45.0">Ykimeys，你回来了？！</AddIRCMessage>
<AddIRCMessage Author="Ykimeys" TargetComp="KDDHS" Delay="47.0">我不能说太多了。Chann3l马上就会搜寻到这台电脑的IP。我已经无路可逃了。</AddIRCMessage>
<AddIRCMessage Author="Luoyu_" TargetComp="KDDHS" Delay="49.0">Ykimeys，我和Scarfs会帮你挡住他的追踪，你先将IP告诉我们。</AddIRCMessage>
<AddIRCMessage Author="Ykimeys" TargetComp="KDDHS" Delay="52.0">!ATTACHMENT:link#%#Chann3l 攻击来源#%#attack.chann3l.personal.server</AddIRCMessage>
<AddIRCMessage Author="Luoyu_" TargetComp="KDDHS" Delay="54.0">OverCreate，#PLAYERNAME#，Kevin，你们负责攻击Chann3l的电脑，务必记得小心不要留下日志文件。</AddIRCMessage>
<AddIRCMessage Author="Kevin" TargetComp="KDDHS" Delay="55.0">收到。</AddIRCMessage>
<AddIRCMessage Author="OverCreate" TargetComp="KDDHS" Delay="55.5">收到！</AddIRCMessage>
<AddIRCMessage Author="#PLAYERNAME#" TargetComp="KDDHS" Delay="55.9">收到。</AddIRCMessage>
</OnConnect>

</ConditionalActions>