<ConditionalActions>
  
<OnConnect target="KDDHS" needsMissionComplete="false">
<AddIRCMessage Author="Luoyu_" TargetComp="KDDHS" Delay="2.0">各位，打起精神来！</AddIRCMessage>
<AddIRCMessage Author="Luoyu_" TargetComp="KDDHS" Delay="4.0">新人马上就要来了！</AddIRCMessage>
<AddIRCMessage Author="Ykimeys" TargetComp="KDDHS" Delay="6.5">新人？就是你说的破解掉Channel核心的那个？</AddIRCMessage>
<AddIRCMessage Author="Luoyu_" TargetComp="KDDHS" Delay="9.0">对，他已经通过了我们的测试。</AddIRCMessage>
<AddIRCMessage Author="Ykimeys" TargetComp="KDDHS" Delay="12.0">那么快！</AddIRCMessage>
<AddIRCMessage Author="Scarfs" TargetComp="KDDHS" Delay="13.0">这个速度已经比我当初快上一倍多了……</AddIRCMessage>
<AddIRCMessage Author="Channel" TargetComp="KDDHS" Delay="15.0">======================</AddIRCMessage>
<AddIRCMessage Author="Channel" TargetComp="KDDHS" Delay="15.1">!!!#PLAYERNAME#加入了IRC!!!</AddIRCMessage>
<AddIRCMessage Author="Channel" TargetComp="KDDHS" Delay="15.2">======================</AddIRCMessage>
<AddIRCMessage Author="Luoyu_" TargetComp="KDDHS" Delay="17.0">欢迎！</AddIRCMessage>
<AddIRCMessage Author="Scarfs" TargetComp="KDDHS" Delay="18.5">欢迎！</AddIRCMessage>
<AddIRCMessage Author="Scarfs" TargetComp="KDDHS" Delay="21.0">自我介绍一下，我是Scarfs，和OverCreate一起负责开发工具。</AddIRCMessage>
<AddIRCMessage Author="OverCreate" TargetComp="KDDHS" Delay="21.4">你好。</AddIRCMessage>
<AddIRCMessage Author="#PLAYERNAME#" TargetComp="KDDHS" Delay="23.0">你好。</AddIRCMessage>
<AddIRCMessage Author="Luoyu_" TargetComp="KDDHS" Delay="26.0">已经没时间打招呼了，我们必须迅速破解CCC的其他前端服务器。</AddIRCMessage>
<AddIRCMessage Author="Ykimeys" TargetComp="KDDHS" Delay="28.0">没错。我现在就去破解我发现的一个前端服务器</AddIRCMessage>
<AddIRCMessage Author="Kevin" TargetComp="KDDHS" Delay="30.2">我拿到了一个服务器的IP，不知道你们能不能用得上。</AddIRCMessage>
<AddIRCMessage Author="OverCreate" TargetComp="KDDHS" Delay="33.4">给我试试吧，我面前的这台服务器只有一秒的破解时间。</AddIRCMessage>
<AddIRCMessage Author="OverCreate" TargetComp="KDDHS" Delay="36.0">我已经五次黑进ISP的系统更改IP了……</AddIRCMessage>
<AddIRCMessage Author="Luoyu_" TargetComp="KDDHS" Delay="39.0">等下，怎么回事！</AddIRCMessage>
<AddIRCMessage Author="Channel" TargetComp="KDDHS" Delay="42.0">======================</AddIRCMessage>
<AddIRCMessage Author="Channel" TargetComp="KDDHS" Delay="42.1">!!!Chann3l加入了IRC!!!</AddIRCMessage>
<AddIRCMessage Author="Channel" TargetComp="KDDHS" Delay="42.2">======================</AddIRCMessage>
<AddIRCMessage Author="#PLAYERNAME#" TargetComp="KDDHS" Delay="44.1">这是谁???</AddIRCMessage>
<AddIRCMessage Author="Chann3l" TargetComp="KDDHS" Delay="46.0">你是#PLAYERNAME#？实力不大，胆子不小啊。</AddIRCMessage>
<AddIRCMessage Author="#PLAYERNAME#" TargetComp="KDDHS" Delay="48.0">?????</AddIRCMessage>
<AddIRCMessage Author="Kevin" TargetComp="KDDHS" Delay="50.0">Channel的创立者，你来这里干什么？</AddIRCMessage>
<AddIRCMessage Author="Chann3l" TargetComp="KDDHS" Delay="52.0">这几个小可爱不乖呢，偷走了我的东西还想跑？</AddIRCMessage>
<AddIRCMessage Author="Luoyu_" TargetComp="KDDHS" Delay="56.0">混蛋！敢黑老子的电脑！等着被我反追踪吧！</AddIRCMessage>
<AddIRCMessage Author="Chann3l" TargetComp="KDDHS" Delay="58.0">你可以试一试，哈哈哈XD</AddIRCMessage>
<AddIRCMessage Author="Channel" TargetComp="KDDHS" Delay="58.5">======================</AddIRCMessage>
<AddIRCMessage Author="Channel" TargetComp="KDDHS" Delay="58.6">!!!Chann3l被踢出了IRC!!!</AddIRCMessage>
<AddIRCMessage Author="Channel" TargetComp="KDDHS" Delay="58.7">======================</AddIRCMessage>
<AddIRCMessage Author="Luoyu_" TargetComp="KDDHS" Delay="60.0">各位，我们现在必须小心。</AddIRCMessage>
<AddIRCMessage Author="Luoyu_" TargetComp="KDDHS" Delay="62.0">Chann3l的能力很强，你们的防御措施可能无法抵挡他的攻击。</AddIRCMessage>
<AddIRCMessage Author="Luoyu_" TargetComp="KDDHS" Delay="64.0">我的个人电脑已经被黑了，夺回控制权之后，除了一个IP，我的电脑什么都没有剩下。</AddIRCMessage>
<AddIRCMessage Author="Ykimeys" TargetComp="KDDHS" Delay="65.0">放心，他嚣张不了多久了。</AddIRCMessage>
<AddIRCMessage Author="Luoyu_" TargetComp="KDDHS" Delay="67.0">这是他的一个IP，我们必须挖掘出更深层的IP地址，才能阻止他的攻击。</AddIRCMessage>
<AddIRCMessage Author="Luoyu_" TargetComp="KDDHS" Delay="68.0">!ATTACHMENT:link#%#Chann3l 攻击位置#%#132.144.68.179</AddIRCMessage>
<AddConditionalActions Filepath="Actions/Actions2.xml" DelayHost="KDDHS" Delay="0.0"/>
</OnConnect>

</ConditionalActions>