<?xml version = "1.0" encoding = "UTF-8" ?>
<Computer id="KDM2" name="Ykimeys 的笔记本" type="1" ip="102.104.76.133">

  <portsForCrack val="6666" />
  <ports>80,25,22,21</ports>

  <adminPass pass="YkimeysOverThat" />

  <file path="home" name="ColorEgg.txt">恭喜你发现了作者的彩蛋！</file>
  <file path="bin" name="SSHCrack.exe">#SSH_CRACK#</file>
  <file path="bin" name="FTPBounce.exe">#FTP_CRACK#</file>
  <file path="bin" name="SMTPOverflow.exe">#SMTP_CRACK#</file>
</Computer>