<?xml version = "1.0" encoding = "UTF-8" ?>
<Computer id="KD1" name="KDtos 前端服务器" type="empty" ip="109.138.98.145">

  <portsForCrack val="4" />
  <ports>80,25,22,21,6881</ports>
  <trace time="100" />
  <firewall level="6" solution="KD1t0s" additionalTime="0"/>
  <proxy time="1" />

  <dlink target="KD2" />

  <file path="home" name="Test-Target.txt">不错嘛！看来你已经进入了这个前端服务器。
要想加入我们，你就将KDtos_testflie_download.txt下载到你的电脑里去吧
至于这个文件在哪……我只能说，他在我们KDtos的其中一个服务器上……</file>
  <file path="bin" name="DECHead.exe">#DECHEAD_PROGRAM#</file>
</Computer>