<?xml version = "1.0" encoding = "UTF-8" ?>
<Computer id="KD12" name="YucroadTech 工作室_04" type="empty">

  <portsForCrack val="6666" />
  <ports>22,21,443</ports>
  <trace time="-1" />
  <adminPass pass="YCD004" />

  <file path="home" name="Hack's help">太好了！我的手机密码已经被xlin改成了alpine1，我的手机已经彻底安全了！</file>
  <eosDevice name="Yumirror's ePhone 8" id="eosPhone1" icon="ePhone2" empty="true" passOverride="alpine1">
   <note>105.94.66.177</note>

  </eosDevice>


</Computer>