<?xml version = "1.0" encoding = "UTF-8" ?>
<Computer id="KD15" name="KDtos 最终测试服务器" type="empty" ip="105.94.66.177">

  <portsForCrack val="7" />
  <ports>80,25,22,21,443,554,6881</ports>
  <trace time="60" />
  <proxy time="0.5" />
  <firewall level="2" solution="kd" additionalTime="0"/>

  <file path="home" name="KDtos_testflie_download.txt">恭喜你成功了！
下载此文件然后回复邮件，你就能成为我们的一员了！</file>
  <file path="home" name="Member.txt">KDtos现有成员
KDtos首领 Luoyu_
工具开发和优化 OverCreate Scarfs
服务器制作和优化 OverCreate
任务执行 OverCreate Scarfs Ykimeys Kevin</file>
</Computer>