<?xml version = "1.0" encoding = "UTF-8" ?>
<Computer id="KD2" name="Luoyu 的笔记本" type="empty">

  <portsForCrack val="3" />
  <ports>80,25,22,21</ports>
  <trace time="70" />
  <firewall level="5" solution="Luoyu" additionalTime="0"/>

  <dlink target="KD3" />
  <dlink target="KD4" />

  <file path="home" name="Kotara.txt">新的游戏已经发布！
您的游戏体验码是73ihd0ws8jhek0091</file>
  <file path="home" name="eosLink.txt">这台笔记本的防御措施太不安全了！
我将我的手机链接在我另一台电脑上……</file>
  <file path="home/Important" name="PortHack.txt">我留下了一份PortHack程序……
明天拿给Scarfs研究一下…… </file>
  <encryptedFile path="home/Important" name="Save.dec" extension=".txt" ip="137.142.118.90" header="!!!Important!!!" pass="LuoyuImportantDec">
    This generates an encrypted file that can be decrypted using the password above. It decrypts to have the extension .txt
  </encryptedFile>
  
</Computer>