<?xml version = "1.0" encoding = "UTF-8" ?>
<Computer id="KD3" name="Luoyu 的台式电脑" type="empty">

  <portsForCrack val="6" />
  <ports>80,25,22,21,443,6881</ports>
  <trace time="80" />
  <firewall level="5" solution="Luoyu" additionalTime="0"/>

  <dlink target="KD5" />

  <eosDevice name="Luoyu's ePhone X" id="eosPhone" icon="ePhone2" empty="true" passOverride="alpine">
   <note>我有一台存放重要信息的电脑丢失了。虽然它可以被我外部链接……它的IP是133.124.159.83</note>

  </eosDevice>

  <file path="home" name="MoreServer.txt">OverCreate已经把服务器做好了。它现在已经链接到这台电脑上。</file>
  <file path="home" name="Fuck.txt">妈的……不就是拿走了一个新闻配置文件吗……这个傻逼居然搞垮了我的服务器……</file>
  <file path="home" name="Scarfs.txt">2017.12.24，欢迎Scarfs加入KDtos黑客组织！</file>
  
</Computer>