<?xml version = "1.0" encoding = "UTF-8" ?>
<Computer id="KD4" name="KDtos 测试专用服务器" type="1">

  <portsForCrack val="3" />
  <ports>80,25,22,21</ports>
  <trace time="50" />
  <firewall level="8" solution="KDScarfs" additionalTime="0"/>

  <file path="home/WebServerWorm" name="WebServerWorm.exe">#WEB_CRACK#</file>
  <file path="home/WebServerWorm" name="WebPortCrack.txt">OverCreate已经摸出了Web破解器，这份备份程序专门为测试用。</file>
  <file path="home" name="OverCreateIP.txt">209.145.96.131，也许公布他的电脑IP不是一个好选择……</file>
  
</Computer>