<?xml version = "1.0" encoding = "UTF-8" ?>
<Computer id="KD5" name="KDtos 外部攻击位置" type="empty">

  <portsForCrack val="5" />
  <ports>80,25,22,21,6881</ports>
  <trace time="60" />
  <firewall level="4" solution="Over" additionalTime="0"/>

  <file path="bin" name="SSHCrack.exe">#SSH_CRACK#</file>
  <file path="bin" name="FTPBounce.exe">#FTP_CRACK#</file>
  <file path="bin" name="WebServerWorm.exe">#WEB_CRACK#</file>
  <file path="bin" name="SMTPOverflow.exe">#SMTP_CRACK#</file>

</Computer>