<?xml version = "1.0" encoding = "UTF-8" ?>
<Computer id="KD7" name="OverCreate 的笔记本电脑" type="empty" ip="209.145.96.131">

  <portsForCrack val="3" />
  <ports>80,25,22,21</ports>
  <trace time="-1" />
  <firewall level="10" solution="OverCreate" additionalTime="0"/>

  <file path="home" name="ScanComputer.txt">帮忙链接了一下Luoyu丢失的电脑，然而我并没有找到这台电脑里的重要文件……</file>
  <file path="home" name="SSLTrojan.txt">这个破解工具也太麻烦了……Scarfs居然说无法优化，因为它基于其他端口才能破解……</file>
  <file path="home/NewTool" name="WebServerWorm.exe">#WEB_CRACK#</file>
  <file path="bin" name="SSHCrack.exe">#SSH_CRACK#</file>
  <file path="bin" name="FTPBounce.exe">#FTP_CRACK#</file>
  <file path="bin" name="WebServerWorm.exe">#WEB_CRACK#</file>
  <file path="bin" name="SSLTrojan.exe">#SSL_EXE#</file>

</Computer>