<?xml version = "1.0" encoding = "UTF-8" ?>
<Computer id="KD8" name="Luoyu 的掌上电脑" type="empty" ip="133.124.159.83">

  <portsForCrack val="3" />
  <ports>80,25,22,21</ports>
  <trace time="40" />
  <firewall level="5" solution="LyCom" additionalTime="0"/>

  <dlink target="KD9" />
  <dlink target="KD10" />
  <dlink target="KD11" />
  <dlink target="KD12" />
  <dlink target="KD13" />

  <file path="home" name="Scan.txt">这台电脑已经链接了YucroadTech的几台工作服务器
不过我已经让OverCreate拿走了那些破解器的半成品……
它们的密码是YCD001-YCD005
现在这几台电脑已经不属于Yucroad了:P</file>
</Computer>