<?xml version = "1.0" encoding = "UTF-8" ?>
<mission id="Mission4">
  <goals>
     <goal type="getstring" target="trighif1" />
  </goals>
  <!-- 
  Add your mission start and end items here
  missionStart val="0">loadConditionalActions:Actions/TestActions.xml</missionStart>
  missionEnd val="1">addRank</missionEnd> 
  -->
  <nextMission>Mission</nextMission>
  <!-- 
  <posting title="startingMission">This would be the post on a message board if it was on them.</posting>
  -->
  <email>
    <sender>Kevin</sender>
    <subject>CCC终端密码的悬赏</subject>
    <body>你好！经过CHann3l的事件后，你一定很忙吧！
国际著名组织Poison悬赏了CCC黑客小队 终端的密码。
那么得到他的密码，发给我。我会处理这件事的。
</body>
  </email>
</mission>