<?xml version = "1.0" encoding = "UTF-8" ?>
<mission id="Mission3">
  <goals>
    <goal type="delay" time="10.0"/>
  </goals>
  <!-- 
  Add your mission start and end items here
  missionStart val="0">loadConditionalActions:Actions/TestActions.xml</missionStart>
  missionEnd val="1">addRank</missionEnd> 
  -->
  <nextMission>Mission4</nextMission>
  <!-- 
  <posting title="startingMission">This would be the post on a message board if it was on them.</posting>
  -->
  <email>
    <sender>Luoyu_</sender>
    <subject>欢迎加入KDtos</subject>
    <body>你出色的完成了我们的测试！现在你已经是KDtos的成员了！
你可以在我们的共享服务器上下载或上传任何东西，也可以在聊天室愉快的交流。
如果有麻烦了，记得找我，我可以帮忙。
那么准备好了就回复这封邮件吧！我们会给你安排一个任务的。
</body>
    <attachments>
      <link comp="KDDHS" />
      <link comp="KDtosGX" />
    </attachments>
  </email>
</mission>