<?xml version = "1.0" encoding = "UTF-8" ?>
<mission id="SecondMission">
  <goals>
    <goal type="filedownload" target="KD15" file="KDtos_testflie_download.txt" path="home"/>
  </goals>
  <!-- 
  Add your mission start and end items here
  missionStart val="0">loadConditionalActions:Actions/TestActions.xml</missionStart>
  missionEnd val="1">addRank</missionEnd> 
  -->
  <nextMission>Missions/Mission3.xml</nextMission>
  <!-- 
  <posting title="startingMission">This would be the post on a message board if it was on them.</posting>
  -->
  <email>
    <sender>Luoyu_</sender>
    <subject>来自KDtos的邀请</subject>
    <body>很好！
你出色的证明了你自己的实力。这意味着你有留在这里和继续前进的资格。
我的身份是KDtos的首领。也许你曾经听过我们组织的名字。KDtos是国际性的黑客组织，除了我以外只有四名成员。我们致力于黑客界的和谐。
实不相瞒，对于这次测试脚本小子，我们五人一共设计了800个题目。而其中Channel服务器的破解是最难的题目之一。你完成了这个任务，说明你的实力已经远远超过了组织内其他四位成员。
我和我的成员们在进行这次测试之外，还要同时进行一个悬赏任务。这就导致了我们没有足够的人手
我相信没有任何一个黑客能抵挡住加入KDtos的诱惑。如果你能通过我们的测试，就能成为我们的一员。
任务目标已经放在了我们的前端服务器中！
祝你好运！
</body>
    <attachments>
      <link comp="KD1" />
    </attachments>
  </email>
</mission>