<?xml version = "1.0" encoding = "UTF-8" ?>
<mission id="startingMission">
  <goals>
    <goal type="filedownload" target="Channel4" file="Channel-Core.exe" path="bin"/>
  </goals>
  <!-- 
  Add your mission start and end items here
  missionStart val="0">loadConditionalActions:Actions/TestActions.xml</missionStart>
  missionEnd val="1">addRank</missionEnd> 
  -->
  <nextMission>Missions/SecondMission.xml</nextMission>
  <!-- 
  <posting title="startingMission">This would be the post on a message board if it was on them.</posting>
  -->
  <email>
    <sender>???</sender>
    <subject>证明你自己的实力</subject>
    <body>你好，
我知道你好奇我是谁。
今天早上，一名不知名的黑客启动了他电脑里的某个程序。通过它在大多数电脑留下的后门，几乎所有的PortHack程序都在一瞬间被删除。
由于事发突然，大多数拥有这个程序的人没有来得及备份他们的程序。这也成了我们扫除脚本小子的大好机会。
Bit是一名天才黑客。他开发的PortHack程序被誉为“黑客界的万能钥匙”。但也因为这把万能钥匙，黑客界出现了很多凭借PortHack兴风作浪的脚本小子。
我知道你拥有过PortHack程序，同时也是CSEC组织的成员。如果你还想继续待在CSEC的话，就用你自己的实力证明你自己有留在黑客界的资格。否则，我们绝不会容忍一个凭借万能钥匙就轻易黑入别人电脑的脚本小子。
Channel的服务器拥有精密的防御系统。没有足够的实力是无法进入的。
将他们服务器的核心文件Channel-Core.exe下载到你的电脑上然后回复我，证明你自己吧！
</body>
    <attachments>
      <link comp="Channel5" />
    </attachments>
  </email>
</mission>