<?xml version = "1.0" encoding = "UTF-8" ?>
<Computer id="KDDHS"
          name="KDtos 总部"
          security="3"
          allowsDefaultBootModule="true"
          icon="chip"
          type="1"
		  ip="4.3.2.1">

<adminPass pass="KDtosPASS1515135454215451-ssda45245s41sa23s54d5sa12s45d"/>

<ports>22,21,25,80,3724,1433,104,3659,6881,443,31,211,32,9418,192</ports>
<portsForCrack val="99999"/>

<proxy time="2"/>
<firewall level="6"/>
<trace time="1"/>

<ispSystem/>

<DHSDaemon groupName="KDtos" addsFactionPointOnMissionComplete="false" autoClearMissionsOnPlayerComplete="false" themeColor="67,204,148" allowContractAbbandon="false">
    <agent name="Luoyu_" color="19,248,253"/>
    <agent name="Scarfs" color="255,255,255"/>
	<agent name="OverCreate" color="0,255,0"/>
	<agent name="#PLAYERNAME#" color="92,92,92"/>
	<agent name="Yan" color="254,140,1"/>
	<agent name="Ykimeys" color="255,0,0"/>
	<agent name="Kevin" color="201,60,255"/>
	<agent name="Chann3l" color="201,60,255"/>
	<agent name="CCC11" color="201,60,255"/>
</DHSDaemon>

</Computer>