<?xml version = "1.0" encoding = "UTF-8" ?>
<Computer id="KDtosGX" name="KDtos 共享服务器" ip="109.168.177.162" security="6" allowsDefaultBootModule="true" icon="DLCServer" type="1" >

  <portsForCrack val="3" />
  <ports>9418, 3724, 3659</ports>
  <trace time="-1" />
  <adminPass pass="Replite" /> 

<uploadServerDaemon name="KDtos-共享" folder="upload"
                    needsAuth="false" color="176,23,31" hasReturnViewButton="true"/>
  
  <file path="upload/Uploads" name="ThemeChanger.exe">#THEMECHANGER_EXE#</file>
  <file path="upload/Uploads" name="Tracekill.exe">#TRACEKILL_EXE#</file>
  <file path="upload/Uploads" name="NetmapOrganizer.exe">#NETMAP_ORGANIZER_EXE#</file>

</Computer>