<?xml version = "1.0" encoding = "UTF-8" ?>
<Computer id="LuoyuSOPC" name="Luoyu_ 缓存PC" type="empty" ip="5655.545.15.2">

  <portsForCrack val="0" />
  <ports>22, 21, 25</ports>
  <trace time="-1" />

  <file path="home" name="Get-Tools.txt">这些都是我为你准备的</file>

  <file path="bin" name="SSHCrack.exe">#SSH_CRACK#</file>
  <file path="bin" name="FTPBounce.exe">#FTP_CRACK#</file>
  <file path="bin" name="WebServerWorm.exe">#WEB_CRACK#</file>
  <file path="bin" name="SMTPOverflow.exe">#SMTP_CRACK#</file>
  <file path="bin" name="SQLBufferOverflow.exe">#SQL_CRACK#</file>
  <file path="bin" name="DECHead.exe">#DECHEAD_PROGRAM#</file>
  <file path="bin" name="TorrentStreamInjector.exe">#TORRENT_EXE#</file>
  <file path="bin" name="SSLTrojan.exe">#SSL_EXE#</file>
  <file path="bin" name="NetmapOrganizer.exe">#NETMAP_ORGANIZER_EXE#</file>

</Computer>