<?xml version = "1.0" encoding = "UTF-8" ?>
<Computer id="Chann3l10" name="Chann3l 个人电脑" type="empty" >

  <portsForCrack val="5" />
  <ports>25,22,21,443,6881</ports>
  <trace time="45" />

<file path="bin/present" name="Note.txt">恭喜！成功进入我的电脑！但是我在刚刚撤离了这台电脑，对了，我奖励你一个TraceKill</file>
<file path="bin/present" name="Tracekill.exe">#TRACEKILL_EXE#</file>
<file path="bin" name="EnSecBreaker.exe">01010100000010010101010101010101101100110101010011010101010101010101010110101010101010010110101010101010011010101010011001101001</file>

</Computer>