<?xml version = "1.0" encoding = "UTF-8" ?>
<Computer id="Chann3l9" name="Chann3l 个人电脑-备份" type="empty" >

  <portsForCrack val="5" />
  <ports>25,22,21,443,6881</ports>
  <trace time="75" />

<file path="home" name="Note.txt">为防止某些黑客恶意破坏，我加了备份。</file>
<file path="bin" name="EnSecBreaker.exe">01010100000010010101010101010101101100110101010011010101010101010101010110101010101010010110101010101010011010101010011001101001</file>

</Computer>