<?xml version = "1.0" encoding = "UTF-8" ?>
<Computer id="Chann3l5" name="Chann3l 攻击来源" type="empty" ip="attack.chann3l.personal.server">

  <portsForCrack val="5" />
  <ports>25,22,21,443,6881</ports>
  <trace time="50" />

  <eosDevice name="Chann3l's second ePhone 8" id="eosPhoneC3L" icon="ePhone2" empty="true" passOverride="alpine">
   <mail username="？？？？？" pass="LPDF1122PASS" />
    <file path="eos" name="emm.txt">能找到这步，不错！</file>
    <note>Channel 个人网络虚拟主机IP是128.632.254.232</note>
  </eosDevice>

  <file path="sys" name="eOSconnection.log">00001111010110000101110100101010101010101010101010</file>
  
</Computer>