<?xml version = "1.0" encoding = "UTF-8" ?>
<Computer id="Chann3l4" name="Chann3l 攻击代理-X02" type="empty" ip="109.83.56.92">

  <portsForCrack val="5" />
  <ports>25,22,21,443,6881</ports>
  <trace time="50" />

  <file path="bin" name="SSHCrack.exe">#SSH_CRACK#</file>
  <file path="bin" name="WebServerWorm.exe">#WEB_CRACK#</file>
  <file path="bin" name="SMTPOverflow.exe">#SMTP_CRACK#</file>
  <file path="bin" name="SSLTrojan.exe">#SSL_EXE#</file>
  <file path="bin" name="FTPSprint.exe">#FTP_FAST_EXE#</file>
  
</Computer>