<?xml version = "1.0" encoding = "UTF-8" ?>
<Computer id="Chann3l2" name="Chann3l 攻击代理-X16" type="empty">

  <portsForCrack val="1" />
  <ports>22,21,443</ports>
  <trace time="-1" />

  <dlink target="Chann3l3" />

  <file path="bin" name="SSHCrack.exe">#SSH_CRACK#</file>
  <file path="bin" name="FTPBounce.exe">#FTP_CRACK#</file>
  <file path="bin" name="WebServerWorm.exe">#WEB_CRACK#</file>
  <file path="bin" name="SMTPOverflow.exe">#SMTP_CRACK#</file>
  <file path="bin" name="SSLTrojan.exe">#SSL_EXE#</file>
  
</Computer>