<?xml version = "1.0" encoding = "UTF-8" ?>
<Computer id="Chann3l1" name="Chann3l 攻击位置" type="empty" ip="132.144.68.179">

  <portsForCrack val="3" />
  <ports>22,21,443</ports>
  <trace time="30" />
  <proxy time="1" />

  <dlink target="Chann3l2" />

  <file path="home" name="KDtos.txt">Luoyu 的个人电脑 194.95.81.107
Ykimeys 的笔记本 102.104.76.133
OverCreate 的台式电脑 33.104.92.67
#PLAYERNAME# 作战基地 正在搜索</file>

  <file path="bin" name="Low.txt">你们以为找到我的外部攻击位置就能顺藤摸瓜找到我的电脑了吗？
哈哈哈哈哈哈哈，不仅你们找不到，连一个工具我也不会给你们留下……</file>
  
</Computer>