<?xml version = "1.0" encoding = "UTF-8" ?>
<Computer id="Chann3l3" name="Chann3l 攻击代理-X24" type="empty">

  <portsForCrack val="1" />
  <ports>22,21,443</ports>
  <trace time="-1" />

  <eosDevice name="Channel's ePhone 7" id="eos1" icon="ePhone2" empty="true" passOverride="alpine">
   <mail username="Aevenger@cmail.com" pass="PaSsWoRd" />
  </eosDevice>

  <file path="bin" name="SSHCrack.exe">#SSH_CRACK#</file>
  <file path="bin" name="WebServerWorm.exe">#WEB_CRACK#</file>
  <file path="bin" name="SMTPOverflow.exe">#SMTP_CRACK#</file>
  <file path="bin" name="SSLTrojan.exe">#SSL_EXE#</file>
  
</Computer>