<?xml version = "1.0" encoding = "UTF-8" ?>
<Computer id="D3f4ult3" 
          name="D3f4ult 个人白名单验证器" 
          security="5"
          allowsDefaultBootModule="true" 
          type="1" > 

  <portsForCrack val="5" />
  <ports>443, 22, 6881, 554, 21,32,211</ports>
  <portRemap>22=2998, 6881=1234</portRemap>
  <adminPass pass="DSJHSAH8822364JHSBSAHDGUYSHSDSDA4ASD4574DFHDSYSDTY7SDGDSUGFDSJDSGASJJSAGBGYDSHKFDS"/>
  <trace time="65" />
   
  <WhitelistAuthenticatorDaemon SelfAuthenticating="false" /> 

  <file path="Whitelist" name="list.txt">55.65.32.48</file>

</Computer>