<?xml version = "1.0" encoding = "UTF-8" ?>
<Computer id="D3f4ult2" 
          name="D3f4ult 笔记本电脑" 
          security="3"
          allowsDefaultBootModule="true" 
          type="1" > 

  <portsForCrack val="5" />
  <ports>443, 22, 6881, 554, 21,32,211</ports>
  <portRemap>22=2998, 6881=1234</portRemap>
  <adminPass pass="DSJHSAH8822364JHSBSAHDGUYSHSDSDA4ASD4574DFHDSYSDTY7SDGDSUGFDSJDSGASJJSAGBGYDSHKFDS"/>
  <trace time="75" />
   
  <WhitelistAuthenticatorDaemon Remote="D3f4ult3" />

  <dlink target="MacrosoftCore" />

</Computer>