<?xml version = "1.0" encoding = "UTF-8" ?>
<Computer id="MacroIntroInternet" 
          name="Macrosoft 网络资源过滤器" 
          security="3"
          allowsDefaultBootModule="true"
          type="1" > 

  <portsForCrack val="5" />
  <ports>21,22,6881,443,</ports>
  <portRemap>22=2998, 6881=1234</portRemap>
  <adminPass pass="DSJHSAH8822364JHSBSAHDGUYSHSDSDA4ASD4574DFHDSYSDTY7SDGDSUGFDSJDSGASJJSAGBGYDSHKFDS"/>
  <trace time="60" />

  <file path="Stoper" name="BlackList.txt">KBTPortTester
  Torrent
  FTPBouse</file>

  <dlink target="MacroWIFIGUEST" />

</Computer>
