<?xml version = "1.0" encoding = "UTF-8" ?>
<Computer id="MacrosoftCore" 
          name="Macrosoft 核心资源" 
          security="3"
          allowsDefaultBootModule="true"
          icon="chip" 
          type="1" > 

  <portsForCrack val="3" />
  <ports>21,22,6881</ports>
  <portRemap>22=2998, 6881=1234</portRemap>
  <adminPass pass="DSJHSAH8822364JHSBSAHDGUYSHSDSDA4ASD4574DFHDSYSDTY7SDGDSUGFDSJDSGASJJSAGBGYDSHKFDS"/>
  <trace time="95" />

  <file path="bin" name="KBTPortTester.exe">#MEDICAL_PROGRAM#</file>

</Computer>
