<?xml version = "1.0" encoding = "UTF-8" ?>
<Computer id="MacrosoftInternet" 
          name="Macrosoft 网站" 
          ip="www.microsoft.com"
          security="5"
          allowsDefaultBootModule="true"
          icon="DLCServer" 
          type="1" > 

  <portsForCrack val="5" />
  <ports>443, 22, 6881, 554, 21</ports>
  <portRemap>22=2998, 6881=1234</portRemap>
  <adminPass pass="DSJHSAH8822364JHSBSAHDGUYSHSDSDA4ASD4574DFHDSYSDTY7SDGDSUGFDSJDSGASJJSAGBGYDSHKFDS"/>
  <trace time="85" />

  <dlink target="MacrosoftFlie" />

</Computer>
