<?xml version = "1.0" encoding = "UTF-8" ?>
<Computer id="MSNews" 
          name="Macrosoft Bing News" 
          ip="254.132.34.2"
          security="6"
          allowsDefaultBootModule="true"
          icon="DLCPC1" 
          type="1" > 

  <portsForCrack val="5" />
  <ports>443, 22, 6881, 554, 21</ports>
  <portRemap>22=2998, 6881=1234</portRemap>
  <adminPass pass="DSJHSAH8822364JHSBSAHDGUYSHSDSDA4ASD4574DFHDSYSDTY7SDGDSUGFDSJDSGASJJSAGBGYDSHKFDS"/>
  <trace time="65" />
   
<variableMissionListingServer name="Macrosoft Niger News" articleFolderPath="News/Macrosoft" color="148,4,255" assigner="false" public="true" title="Macrosoft 尼格新闻"/>

<dlink target="MacrosoftInternet" />

</Computer>
