<?xml version = "1.0" encoding = "UTF-8" ?>
<Computer id="MacrosoftFlie" 
          name="Macrosoft 外部资源服务器" 
          security="3"
          allowsDefaultBootModule="true"
          icon="chip" 
          type="1" > 

  <portsForCrack val="3" />
  <ports>21,22,6881</ports>
  <portRemap>22=2998, 6881=1234</portRemap>
  <adminPass pass="DSJHSAH8822364JHSBSAHDGUYSHSDSDA4ASD4574DFHDSYSDTY7SDGDSUGFDSJDSGASJJSAGBGYDSHKFDS"/>
  <trace time="60" />

  <file path="FTP" name="Wondows10-1903.iso">#BINARY##BINARY##BINARY##BINARY##BINARY#</file>
  <file path="FTP" name="Edge.pak">#BINARY##BINARY#</file>

  <dlink target="MacroIntroInternet" />

</Computer>
