<?xml version = "1.0" encoding = "UTF-8" ?>
<Computer id="MicroPCGuider" 
          name="Macrosoft 员工PC管理网关" 
          security="4"
          allowsDefaultBootModule="true"
          type="1" > 

  <portsForCrack val="3" />
  <ports>22,21,25,443,32 </ports>
  <portRemap>32=-98824445</portRemap>
  <adminPass pass="admin"/>
  <trace time="50" />

  <dlink target="GillBates" />
  <dlink target="MikeMorison" />
  <dlink target="RichardLi" />
  <dlink target="KevinZhao" />
  <dlink target="EllaJing" />
  <dlink target="D3f4ult" />
  <dlink target="Kaguya" />

</Computer>
