<?xml version = "1.0" encoding = "UTF-8" ?>
<Computer id="C3L" name="C3L的备用电脑" type="empty" ip="215.546.254.54">

  <portsForCrack val="3" />
  <ports>21,22,443,80</ports>
  <trace time="80" />
  <adminPass pass="C3LPASS" />

  <file path="home" name="Ah-ha.txt">你永远也找不到我真实的IP！</file>
  <file path="bin" name="MemForensics.exe">#MEM_FORENSICS_EXE#</file>
  <file path="bin" name="MemDumpGenerator.exe">#MEM_DUMP_GENERATOR#</file>
  
<Memory>
    <Commands>
      <Command>cd /home</Command>
      <Command>rm *</Command>
      <Command>ping 23.554.36.23</Command>
      <Command>connect 23.554.36.23</Command>
      <Command>login</Command>
      <Command>admin</Command>
      <Command>SPORT</Command>
      <Command>dc</Command>
    </Commands>
  </Memory>


</Computer>